timestamp,user_id,action
2025-05-20T20:11:43.981554,user1,scroll
2025-05-20T20:23:57.981554,user5,logout
2025-05-20T20:27:36.981554,user4,scroll
2025-05-20T19:35:47.981554,user4,login
2025-05-20T19:48:35.981554,user4,logout
2025-05-20T20:14:11.981554,user5,click
2025-05-20T19:58:31.981554,user6,login
2025-05-20T20:00:35.981554,user4,click
2025-05-20T20:09:23.981554,user2,login
2025-05-20T20:29:04.981554,user3,view
2025-05-20T20:19:48.981554,user1,login
2025-05-20T19:58:54.981554,user2,scroll
2025-05-20T20:13:12.981554,user6,logout
2025-05-20T19:35:21.981554,user2,logout
2025-05-20T19:39:52.981554,user2,click
2025-05-20T20:00:59.981554,user6,login
2025-05-20T20:25:41.981554,user1,login
2025-05-20T19:39:00.981554,user5,scroll
2025-05-20T20:18:21.981554,user1,view
2025-05-20T20:22:09.981554,user3,view
2025-05-20T20:26:49.981554,user1,scroll
2025-05-20T19:59:21.981554,user4,logout
2025-05-20T20:02:28.981554,user5,login
2025-05-20T19:39:53.981554,user2,click
2025-05-20T20:17:31.981554,user5,click
2025-05-20T19:33:57.981554,user5,click
2025-05-20T20:28:39.981554,user1,login
2025-05-20T19:56:01.981554,user6,scroll
2025-05-20T19:53:36.981554,user1,view
2025-05-20T19:51:22.981554,user4,scroll
2025-05-20T20:19:56.981554,user2,view
2025-05-20T20:09:23.981554,user4,scroll
2025-05-20T19:34:48.981554,user5,view
2025-05-20T19:55:31.981554,user1,logout
2025-05-20T20:05:57.981554,user4,click
2025-05-20T20:12:09.981554,user6,login
2025-05-20T20:19:22.981554,user6,scroll
2025-05-20T20:00:21.981554,user1,click
2025-05-20T19:36:16.981554,user1,logout
2025-05-20T20:04:37.981554,user3,view
2025-05-20T19:53:26.981554,user6,login
2025-05-20T19:45:57.981554,user2,login
2025-05-20T19:46:10.981554,user2,view
2025-05-20T20:15:19.981554,user1,view
2025-05-20T20:04:08.981554,user4,scroll
2025-05-20T20:28:19.981554,user6,view
2025-05-20T19:41:27.981554,user2,scroll
2025-05-20T19:38:23.981554,user5,scroll
2025-05-20T19:50:39.981554,user1,scroll
2025-05-20T20:03:53.981554,user3,login
2025-05-20T20:18:14.981554,user3,view
2025-05-20T20:09:47.981554,user2,logout
2025-05-20T20:00:01.981554,user1,view
2025-05-20T19:56:20.981554,user3,view
2025-05-20T19:49:47.981554,user2,login
2025-05-20T20:10:13.981554,user2,view
2025-05-20T19:56:13.981554,user5,logout
2025-05-20T20:14:11.981554,user6,click
2025-05-20T20:22:44.981554,user3,scroll
2025-05-20T19:45:11.981554,user6,logout
2025-05-20T20:04:45.981554,user4,click
2025-05-20T19:39:01.981554,user1,logout
2025-05-20T19:50:23.981554,user1,click
2025-05-20T19:55:43.981554,user1,login
2025-05-20T20:23:41.981554,user2,click
2025-05-20T19:51:22.981554,user2,view
2025-05-20T20:16:43.981554,user1,logout
2025-05-20T20:03:05.981554,user5,login
2025-05-20T20:26:52.981554,user5,scroll
2025-05-20T20:08:07.981554,user4,login
2025-05-20T19:37:43.981554,user5,click
2025-05-20T20:19:12.981554,user2,click
2025-05-20T19:57:19.981554,user4,click
2025-05-20T19:58:37.981554,user4,scroll
2025-05-20T19:41:09.981554,user6,click
2025-05-20T20:03:50.981554,user4,login
2025-05-20T19:37:16.981554,user2,logout
2025-05-20T19:50:38.981554,user6,logout
2025-05-20T19:59:42.981554,user3,view
2025-05-20T19:34:49.981554,user3,logout
2025-05-20T20:10:50.981554,user1,view
2025-05-20T19:53:13.981554,user2,logout
2025-05-20T19:46:40.981554,user5,login
2025-05-20T20:16:00.981554,user5,view
2025-05-20T20:22:15.981554,user2,scroll
2025-05-20T20:17:13.981554,user3,view
2025-05-20T20:13:09.981554,user5,view
2025-05-20T19:37:19.981554,user4,view
2025-05-20T19:41:27.981554,user6,login
2025-05-20T19:35:39.981554,user5,click
2025-05-20T19:39:33.981554,user5,click
2025-05-20T20:11:51.981554,user4,click
2025-05-20T20:24:15.981554,user6,view
2025-05-20T19:39:30.981554,user5,view
2025-05-20T19:34:43.981554,user5,click
2025-05-20T19:53:26.981554,user4,click
2025-05-20T20:23:29.981554,user6,scroll
2025-05-20T19:46:43.981554,user3,view
2025-05-20T20:32:39.981554,user5,view
2025-05-20T20:19:20.981554,user1,scroll
2025-05-20T19:59:08.981554,user4,view
2025-05-20T19:49:51.981554,user3,view
2025-05-20T19:46:48.981554,user4,click
2025-05-20T20:10:36.981554,user2,login
2025-05-20T20:29:46.981554,user2,click
2025-05-20T19:53:44.981554,user5,logout
2025-05-20T20:28:22.981554,user4,view
2025-05-20T20:10:07.981554,user4,scroll
2025-05-20T19:48:30.981554,user2,login
2025-05-20T19:57:56.981554,user6,scroll
2025-05-20T20:09:16.981554,user6,scroll
2025-05-20T19:34:51.981554,user5,scroll
2025-05-20T20:26:59.981554,user2,logout
2025-05-20T20:05:51.981554,user5,click
2025-05-20T20:17:41.981554,user5,view
2025-05-20T20:08:44.981554,user1,click
2025-05-20T20:08:32.981554,user1,scroll
2025-05-20T19:51:39.981554,user2,logout
2025-05-20T19:47:05.981554,user6,login
2025-05-20T19:36:42.981554,user3,login
2025-05-20T20:31:26.981554,user4,scroll
2025-05-20T19:50:42.981554,user6,view
2025-05-20T20:00:56.981554,user1,scroll
2025-05-20T19:57:51.981554,user6,scroll
2025-05-20T20:31:59.981554,user3,click
2025-05-20T19:59:43.981554,user6,login
2025-05-20T19:47:27.981554,user2,view
2025-05-20T20:07:35.981554,user1,logout
2025-05-20T20:09:53.981554,user2,scroll
2025-05-20T20:04:20.981554,user3,view
2025-05-20T20:32:49.981554,user3,view
2025-05-20T20:21:02.981554,user3,view
2025-05-20T19:37:53.981554,user4,scroll
2025-05-20T19:45:14.981554,user5,login
2025-05-20T20:27:45.981554,user5,click
2025-05-20T19:47:54.981554,user2,scroll
2025-05-20T20:05:15.981554,user2,scroll
2025-05-20T20:26:40.981554,user6,logout
2025-05-20T20:13:20.981554,user5,click
2025-05-20T20:09:43.981554,user4,login
2025-05-20T20:18:42.981554,user6,click
2025-05-20T20:20:13.981554,user2,logout
2025-05-20T20:06:46.981554,user6,scroll
2025-05-20T19:43:53.981554,user4,click
2025-05-20T20:26:53.981554,user2,click
2025-05-20T19:47:22.981554,user2,logout
2025-05-20T19:41:17.981554,user5,view
2025-05-20T20:08:20.981554,user6,click
2025-05-20T19:40:12.981554,user5,login
2025-05-20T19:48:45.981554,user2,click
2025-05-20T20:19:08.981554,user2,logout
2025-05-20T20:03:54.981554,user5,click
2025-05-20T20:09:59.981554,user5,scroll
2025-05-20T20:32:12.981554,user4,login
2025-05-20T20:32:12.981554,user2,click
2025-05-20T19:48:40.981554,user5,login
2025-05-20T20:26:13.981554,user3,view
2025-05-20T19:58:38.981554,user3,logout
2025-05-20T19:48:14.981554,user1,scroll
2025-05-20T19:46:40.981554,user5,logout
2025-05-20T20:23:48.981554,user4,click
2025-05-20T20:23:37.981554,user4,click
2025-05-20T20:16:36.981554,user3,scroll
2025-05-20T19:48:45.981554,user6,click
2025-05-20T19:44:27.981554,user1,scroll
2025-05-20T19:41:58.981554,user5,view
2025-05-20T19:49:31.981554,user1,scroll
2025-05-20T19:47:09.981554,user3,click
2025-05-20T19:39:17.981554,user6,logout
2025-05-20T20:29:34.981554,user4,view
2025-05-20T19:47:48.981554,user3,logout
2025-05-20T20:01:45.981554,user5,scroll
2025-05-20T20:26:03.981554,user2,click
2025-05-20T20:25:11.981554,user3,login
2025-05-20T20:08:12.981554,user3,login
2025-05-20T20:32:51.981554,user6,view
2025-05-20T19:33:56.981554,user5,scroll
2025-05-20T20:18:10.981554,user6,login
2025-05-20T20:32:50.981554,user5,click
2025-05-20T19:57:59.981554,user4,logout
2025-05-20T20:31:00.981554,user6,click
2025-05-20T20:09:35.981554,user5,scroll
2025-05-20T19:54:31.981554,user4,login
2025-05-20T19:43:33.981554,user3,click
2025-05-20T19:40:39.981554,user4,logout
2025-05-20T20:05:26.981554,user4,click
2025-05-20T20:16:49.981554,user6,logout
2025-05-20T20:19:51.981554,user2,login
2025-05-20T20:02:52.981554,user3,logout
2025-05-20T19:39:32.981554,user1,scroll
2025-05-20T20:17:41.981554,user1,view
2025-05-20T19:37:49.981554,user4,view
2025-05-20T20:24:05.981554,user4,scroll
2025-05-20T19:49:55.981554,user5,login
2025-05-20T20:01:23.981554,user4,login
2025-05-20T20:03:44.981554,user3,view
2025-05-20T19:47:39.981554,user4,click
2025-05-20T20:27:17.981554,user6,scroll
2025-05-20T20:08:58.981554,user4,view
2025-05-20T19:52:54.981554,user1,logout
2025-05-20T19:48:34.981554,user2,click
2025-05-20T20:17:23.981554,user6,click
2025-05-20T19:42:28.981554,user6,view
2025-05-20T19:39:33.981554,user4,view
2025-05-20T19:35:32.981554,user1,view
2025-05-20T19:49:29.981554,user1,logout
2025-05-20T20:13:38.981554,user4,logout
2025-05-20T20:19:33.981554,user5,view
2025-05-20T20:02:31.981554,user1,view
2025-05-20T19:58:04.981554,user6,view
2025-05-20T19:35:16.981554,user6,view
2025-05-20T19:40:47.981554,user4,login
2025-05-20T19:53:23.981554,user2,scroll
2025-05-20T19:54:34.981554,user5,logout
2025-05-20T20:27:48.981554,user3,click
2025-05-20T20:06:09.981554,user6,logout
2025-05-20T20:15:40.981554,user1,view
2025-05-20T19:38:21.981554,user4,click
2025-05-20T20:32:38.981554,user5,login
2025-05-20T20:23:38.981554,user3,scroll
2025-05-20T19:56:47.981554,user6,click
2025-05-20T19:57:36.981554,user4,logout
2025-05-20T20:13:41.981554,user1,login
2025-05-20T20:08:33.981554,user1,scroll
2025-05-20T19:59:35.981554,user4,scroll
2025-05-20T19:38:07.981554,user4,view
2025-05-20T20:31:44.981554,user3,scroll
2025-05-20T19:51:07.981554,user1,click
2025-05-20T20:27:01.981554,user4,click
2025-05-20T19:59:48.981554,user1,click
2025-05-20T20:31:47.981554,user5,logout
2025-05-20T19:40:09.981554,user2,click
2025-05-20T19:55:19.981554,user3,login
2025-05-20T20:14:26.981554,user2,logout
2025-05-20T19:58:02.981554,user2,scroll
2025-05-20T20:30:12.981554,user4,logout
2025-05-20T19:40:53.981554,user1,click
2025-05-20T20:22:48.981554,user6,login
2025-05-20T20:17:15.981554,user5,scroll
2025-05-20T19:51:34.981554,user6,view
2025-05-20T20:12:57.981554,user5,login
2025-05-20T20:20:31.981554,user5,click
2025-05-20T19:33:55.981554,user1,view
2025-05-20T20:09:25.981554,user4,click
2025-05-20T20:03:59.981554,user1,view
2025-05-20T19:34:11.981554,user3,click
2025-05-20T19:58:15.981554,user4,view
2025-05-20T19:51:29.981554,user6,view
2025-05-20T19:38:33.981554,user4,login
2025-05-20T20:23:13.981554,user5,view
2025-05-20T19:54:19.981554,user3,logout
2025-05-20T19:57:46.981554,user4,logout
2025-05-20T20:22:03.981554,user4,logout
2025-05-20T20:18:07.981554,user4,login
2025-05-20T19:41:30.981554,user5,view
2025-05-20T20:18:58.981554,user6,scroll
2025-05-20T20:12:28.981554,user6,login
2025-05-20T19:45:58.981554,user4,login
2025-05-20T19:39:09.981554,user1,login
2025-05-20T19:41:20.981554,user6,scroll
2025-05-20T20:13:18.981554,user3,scroll
2025-05-20T19:47:29.981554,user3,logout
2025-05-20T20:15:48.981554,user1,view
2025-05-20T19:59:34.981554,user4,scroll
2025-05-20T19:45:21.981554,user1,click
2025-05-20T19:40:16.981554,user3,logout
2025-05-20T20:03:46.981554,user6,view
2025-05-20T19:52:04.981554,user5,click
2025-05-20T20:32:32.981554,user3,logout
2025-05-20T19:51:15.981554,user6,login
2025-05-20T20:01:16.981554,user3,login
2025-05-20T19:59:42.981554,user6,logout
2025-05-20T19:57:03.981554,user4,logout
2025-05-20T20:22:18.981554,user6,click
2025-05-20T19:56:56.981554,user5,login
2025-05-20T20:17:42.981554,user1,login
2025-05-20T20:10:36.981554,user2,view
2025-05-20T20:19:02.981554,user1,logout
2025-05-20T20:18:57.981554,user5,scroll
2025-05-20T19:46:11.981554,user1,logout
2025-05-20T20:31:56.981554,user5,view
2025-05-20T20:25:11.981554,user1,login
2025-05-20T20:28:40.981554,user1,login
2025-05-20T20:01:14.981554,user6,view
2025-05-20T19:38:56.981554,user1,view
2025-05-20T19:51:25.981554,user3,logout
2025-05-20T19:49:38.981554,user6,logout
2025-05-20T19:42:28.981554,user4,logout
2025-05-20T20:18:03.981554,user3,scroll
2025-05-20T20:25:47.981554,user5,logout
2025-05-20T20:15:06.981554,user6,login
2025-05-20T19:37:37.981554,user3,click
2025-05-20T20:31:49.981554,user5,login
2025-05-20T20:05:59.981554,user4,click
2025-05-20T19:50:43.981554,user4,login
2025-05-20T19:47:22.981554,user6,logout
2025-05-20T19:48:58.981554,user4,logout
2025-05-20T19:35:10.981554,user6,view
2025-05-20T19:41:24.981554,user5,scroll
2025-05-20T19:36:39.981554,user2,view
2025-05-20T19:50:13.981554,user1,logout
2025-05-20T20:18:35.981554,user4,login
2025-05-20T20:01:34.981554,user1,click
2025-05-20T19:38:30.981554,user5,click
2025-05-20T20:15:31.981554,user1,scroll
2025-05-20T19:52:41.981554,user6,click
2025-05-20T20:29:40.981554,user6,login
2025-05-20T19:59:37.981554,user6,click
2025-05-20T19:37:03.981554,user1,scroll
2025-05-20T19:33:31.981554,user3,login
2025-05-20T19:40:02.981554,user6,logout
2025-05-20T20:12:51.981554,user1,logout
2025-05-20T20:12:23.981554,user2,login
2025-05-20T20:13:02.981554,user1,logout
2025-05-20T20:17:03.981554,user1,scroll
2025-05-20T19:43:13.981554,user2,scroll
2025-05-20T20:31:21.981554,user5,login
2025-05-20T20:30:03.981554,user1,click
2025-05-20T20:11:56.981554,user6,view
2025-05-20T19:37:59.981554,user4,click
2025-05-20T20:04:49.981554,user5,logout
2025-05-20T19:53:57.981554,user3,login
2025-05-20T20:20:45.981554,user1,logout
2025-05-20T20:09:51.981554,user1,login
2025-05-20T19:37:33.981554,user3,click
2025-05-20T20:00:02.981554,user1,view
2025-05-20T20:01:22.981554,user2,view
2025-05-20T20:25:46.981554,user2,login
2025-05-20T19:42:55.981554,user6,click
2025-05-20T19:55:03.981554,user5,click
2025-05-20T19:33:52.981554,user2,scroll
2025-05-20T19:52:28.981554,user5,click
2025-05-20T20:12:53.981554,user3,login
2025-05-20T19:49:24.981554,user5,login
2025-05-20T19:57:54.981554,user1,scroll
2025-05-20T20:18:26.981554,user1,view
2025-05-20T19:57:02.981554,user4,scroll
2025-05-20T19:41:51.981554,user2,login
2025-05-20T19:45:06.981554,user4,login
2025-05-20T19:50:49.981554,user1,login
2025-05-20T19:42:28.981554,user2,scroll
2025-05-20T19:53:24.981554,user6,login
2025-05-20T19:50:07.981554,user4,logout
2025-05-20T19:48:34.981554,user6,logout
2025-05-20T19:51:30.981554,user5,click
2025-05-20T19:58:27.981554,user4,logout
2025-05-20T19:59:32.981554,user4,click
2025-05-20T20:23:15.981554,user1,click
2025-05-20T20:03:03.981554,user3,view
2025-05-20T20:12:55.981554,user5,logout
2025-05-20T20:14:44.981554,user4,view
2025-05-20T20:31:54.981554,user1,login
2025-05-20T20:21:35.981554,user1,scroll
2025-05-20T20:26:42.981554,user4,view
2025-05-20T20:22:18.981554,user3,scroll
2025-05-20T19:59:34.981554,user1,view
2025-05-20T19:38:52.981554,user4,scroll
2025-05-20T19:58:31.981554,user5,logout
2025-05-20T19:59:20.981554,user6,view
2025-05-20T20:23:49.981554,user4,logout
2025-05-20T20:23:55.981554,user1,login
2025-05-20T20:30:08.981554,user4,logout
2025-05-20T19:57:25.981554,user4,logout
2025-05-20T19:48:27.981554,user2,logout
2025-05-20T19:49:52.981554,user4,login
2025-05-20T20:30:03.981554,user3,scroll
2025-05-20T19:41:34.981554,user3,logout
2025-05-20T20:19:15.981554,user1,logout
2025-05-20T20:17:09.981554,user6,logout
2025-05-20T20:16:44.981554,user4,view
2025-05-20T20:09:25.981554,user3,logout
2025-05-20T20:02:59.981554,user1,view
2025-05-20T20:00:42.981554,user1,click
2025-05-20T20:00:09.981554,user1,view
2025-05-20T20:27:27.981554,user1,view
2025-05-20T20:04:48.981554,user3,view
2025-05-20T20:02:53.981554,user1,click
2025-05-20T19:39:16.981554,user4,login
2025-05-20T19:43:42.981554,user1,scroll
2025-05-20T20:22:51.981554,user2,logout
2025-05-20T19:35:45.981554,user6,view
2025-05-20T19:52:13.981554,user4,logout
2025-05-20T19:41:24.981554,user5,login
2025-05-20T20:05:02.981554,user3,scroll
2025-05-20T19:33:42.981554,user5,view
2025-05-20T19:44:43.981554,user4,scroll
2025-05-20T19:47:01.981554,user2,view
2025-05-20T19:52:38.981554,user1,logout
2025-05-20T20:21:55.981554,user1,scroll
2025-05-20T19:51:01.981554,user2,logout
2025-05-20T20:32:59.981554,user4,scroll
2025-05-20T20:22:30.981554,user4,logout
2025-05-20T19:56:43.981554,user5,click
2025-05-20T19:39:04.981554,user6,view
2025-05-20T20:03:18.981554,user3,logout
2025-05-20T19:37:14.981554,user2,scroll
2025-05-20T20:14:42.981554,user6,click
2025-05-20T19:42:36.981554,user4,scroll
2025-05-20T19:43:07.981554,user6,scroll
2025-05-20T20:18:57.981554,user3,scroll
2025-05-20T20:04:48.981554,user4,scroll
2025-05-20T20:06:14.981554,user1,click
2025-05-20T20:04:41.981554,user6,logout
2025-05-20T20:12:44.981554,user4,click
2025-05-20T20:05:52.981554,user2,click
2025-05-20T20:07:12.981554,user6,view
2025-05-20T19:54:49.981554,user2,login
2025-05-20T20:20:07.981554,user4,logout
2025-05-20T20:21:20.981554,user4,view
2025-05-20T20:04:03.981554,user2,login
2025-05-20T20:20:51.981554,user1,logout
2025-05-20T19:37:03.981554,user3,view
2025-05-20T19:56:56.981554,user5,click
2025-05-20T19:53:50.981554,user5,click
2025-05-20T20:27:45.981554,user2,login
2025-05-20T20:08:13.981554,user4,logout
2025-05-20T20:31:19.981554,user3,logout
2025-05-20T19:37:26.981554,user3,scroll
2025-05-20T20:30:47.981554,user2,click
2025-05-20T20:01:58.981554,user3,login
2025-05-20T19:46:20.981554,user5,view
2025-05-20T19:42:48.981554,user4,view
2025-05-20T20:31:14.981554,user1,view
2025-05-20T20:02:01.981554,user5,scroll
2025-05-20T19:44:10.981554,user5,logout
2025-05-20T20:20:13.981554,user5,click
2025-05-20T20:00:07.981554,user4,logout
2025-05-20T19:35:39.981554,user2,scroll
2025-05-20T19:55:16.981554,user5,logout
2025-05-20T19:45:12.981554,user3,login
2025-05-20T20:05:25.981554,user4,logout
2025-05-20T19:59:46.981554,user5,view
2025-05-20T20:00:46.981554,user1,click
2025-05-20T19:34:59.981554,user2,logout
2025-05-20T19:40:44.981554,user4,view
2025-05-20T19:36:29.981554,user3,login
2025-05-20T19:42:06.981554,user3,view
2025-05-20T19:55:33.981554,user2,login
2025-05-20T19:39:21.981554,user2,click
2025-05-20T19:58:14.981554,user2,scroll
2025-05-20T20:08:21.981554,user2,logout
2025-05-20T19:57:09.981554,user2,login
2025-05-20T19:51:36.981554,user2,click
2025-05-20T19:33:39.981554,user5,login
2025-05-20T20:26:19.981554,user2,logout
2025-05-20T19:49:42.981554,user2,logout
2025-05-20T20:05:22.981554,user2,login
2025-05-20T20:18:39.981554,user5,click
2025-05-20T20:05:02.981554,user5,view
2025-05-20T19:53:05.981554,user3,view
2025-05-20T20:19:29.981554,user6,login
2025-05-20T19:52:10.981554,user2,click
2025-05-20T19:35:13.981554,user3,click
2025-05-20T19:46:16.981554,user4,view
2025-05-20T19:45:21.981554,user4,view
2025-05-20T19:39:50.981554,user5,logout
2025-05-20T19:40:29.981554,user1,view
2025-05-20T19:52:55.981554,user1,scroll
2025-05-20T19:58:36.981554,user3,login
2025-05-20T19:53:17.981554,user5,scroll
2025-05-20T20:00:50.981554,user1,click
2025-05-20T19:38:15.981554,user2,logout
2025-05-20T20:21:05.981554,user3,logout
2025-05-20T19:38:07.981554,user3,login
2025-05-20T20:29:46.981554,user5,view
2025-05-20T19:48:49.981554,user5,click
2025-05-20T19:52:57.981554,user5,scroll
2025-05-20T19:58:26.981554,user5,view
2025-05-20T19:34:53.981554,user2,click
2025-05-20T19:49:50.981554,user5,logout
2025-05-20T19:46:53.981554,user1,logout
2025-05-20T20:31:54.981554,user5,scroll
2025-05-20T20:10:17.981554,user3,click
2025-05-20T20:09:16.981554,user1,login
2025-05-20T20:07:50.981554,user5,view
2025-05-20T19:52:03.981554,user6,logout
2025-05-20T19:49:43.981554,user1,scroll
2025-05-20T19:35:21.981554,user3,scroll
2025-05-20T20:23:17.981554,user5,scroll
2025-05-20T20:26:22.981554,user2,click
2025-05-20T20:13:41.981554,user1,click
2025-05-20T20:17:30.981554,user2,login
2025-05-20T19:50:47.981554,user5,login
2025-05-20T20:31:28.981554,user2,login
2025-05-20T19:53:54.981554,user6,click
2025-05-20T20:11:32.981554,user3,logout
2025-05-20T20:32:26.981554,user5,login
2025-05-20T19:56:14.981554,user2,scroll
2025-05-20T19:38:59.981554,user1,scroll
2025-05-20T20:12:21.981554,user1,click
2025-05-20T19:55:22.981554,user5,logout
2025-05-20T20:19:51.981554,user5,click
2025-05-20T20:24:23.981554,user6,click
2025-05-20T19:53:42.981554,user1,view
2025-05-20T20:29:44.981554,user4,logout
2025-05-20T20:31:40.981554,user2,login
2025-05-20T20:27:22.981554,user4,scroll
2025-05-20T20:18:58.981554,user6,scroll
2025-05-20T20:27:17.981554,user5,click
2025-05-20T20:19:58.981554,user4,click
